{
  "test_n": 750,
  "base_top1": 0.16133333333333333,
  "cand_top1": 0.14933333333333335,
  "d_top1": -0.012,
  "t1_ci": [
    -0.025232729670378793,
    0.004049270594965671
  ],
  "base_exact_nll": 2.760526174265874,
  "cand_exact_nll": 2.76249115045312,
  "d_exact_nll": 0.0019649761872454043,
  "es_ci": [
    -0.008046216718523565,
    0.011371245108723227
  ],
  "base_log_loss": 0.9224546022836251,
  "cand_log_loss": 0.9249099697006886,
  "d_log_loss": 0.0024553674170634376,
  "ll_ci": [
    -0.0024427537199137464,
    0.007636417798860951
  ],
  "ll_tol": 0.0001,
  "verdict": "do-not-ship",
  "served_version": "poisson-elo-v0.5",
  "half_life_days": 1095,
  "editions": 18
}
